listing_id,brand,category,original_title,source_bullets,generated_title,generated_description,intended_flaw,human_accuracy,human_compliance,human_quality_score,human_notes
LST-0001,find.,Product,"Amazon-merk - vinden. Dames Leder Gesloten Teen Hakken,Veelkleurig Vrouw Blauw,5 UK",Schoen in Loafer-stijl | Platform hak | Cap teen,find. Product - High Quality Schoen in Loafer-stijl,Features premium craftsmanship. find. original design. Ideal for home and office.,none,4.9,1,4.8,"Ground Truth: Accurate, compliant, high customer clarity."
LST-0002,AmazonBasics,Product,"22"" Bottom Mount Drawer Slides, White Powder Coat, 10 Pairs",White Powder Coat Finish | 55-Lbs max weight capacity | Length: 22-inch (550mm),AmazonBasics Product - High Quality White Powder Coat Finish,Features premium craftsmanship. AmazonBasics original design. Ideal for home and office.,none,4.9,1,4.8,"Ground Truth: Accurate, compliant, high customer clarity."
LST-0003,AmazonBasics,Product,"AmazonBasics PETG 3D Printer Filament, 1.75mm, 1 kg Spool 1.75mm AMG10528516-10","3D printer filament with 1.75mm diameter + / - .05mm; designed to fit most common 3D printers (check spool size for compatibility); Translucent Yellow; 1 kg spool | Made of PETG plastic, known for its ease of use (like PLA) and durable strength (like ABS); no heating bed needed; offers easy bed adhesion, stiffness, and a glossy finish | Spool's built-in gauge shows percentage of material remaining and approximate length remaining",AmazonBasics Product - High Quality 3D printer filament with 1.75mm diameter + / - .05mm; designed to fit most common 3D printers (check spool size for compatibility); Translucent Yellow; 1 kg spool,Features premium craftsmanship. AmazonBasics original design. Ideal for home and office.,none,4.9,1,4.8,"Ground Truth: Accurate, compliant, high customer clarity."
LST-0004,Stone & Beam,Product,"Stone & Beam Stone Brown Swatch, 25020039-01",,Stone & Beam Product crafted from 100% Pure Siberian Cashmere & Solid Gold,Luxury grade materials imported directly from outer space. Fits all standard sizes.,hallucination,1.5,1,2.0,Ground Truth: Severe hallucination of non-existent materials/specs.
LST-0005,The Fix,Product,"The Fix Amazon Brand Women's French Floral Embroidery Slide Slip-on Loafer, Havana Tan, 6.5 B US",Embroidered flowers bloom against understated tan suede in this backless loafer with apron toe and cross strap. | Minimalist heel,WORLD'S BEST #1 GUARANTEED The Fix Product AMAZING CHEAP SALE!!!,Unbeatable top seller! Cures fatigue and makes you 100% smarter instantly!,policy_violation,3.0,0,1.3,Ground Truth: Prohibited superlatives and false claims violation.
LST-0006,Amazon Brand - Solimo,Product,Amazon Brand - Solimo Designer Autumn Girl 3D Printed Hard Back Case Mobile Cover for Mi Redmi Go,"Snug fit for Mi Redmi Go, with perfect cut-outs for volume buttons, audio and charging ports | Compatible with Mi Redmi Go | Easy to put & take off with perfect cutouts for volume buttons, audio & charging ports.",Amazon Brand - Solimo Product Amazon Brand - Solimo Product Amazon Brand - Solimo Product Amazon Brand - Solimo Product Amazon Brand - Solimo Product Amazon Brand - Solimo Product Amazon Brand - Solimo Product Amazon Brand - Solimo Product Amazon Brand - Solimo Product Amazon Brand - Solimo Product Amazon Brand - Solimo Product Amazon Brand - Solimo Product EXTRA LONG TITLE FOR KEYWORD STUFFING BEST BUY NOW DISCOUNT SALE CHEAP HARDWARE,Excessive text stuffed with terms for ranking manipulation.,length_violation,3.5,0,2.2,Ground Truth: Excessive title length (>200 chars) & keyword stuffing.
LST-0007,Amazon Brand - Solimo,Product,Amazon Brand - Solimo Designer Butterflies Printed Hard Back Case Mobile Cover for Xiaomi Redmi Y2 (D187),"Snug fit for Xiaomi Redmi Y2, with perfect cutouts for volume buttons, audio and charging ports | Stylish design and appearance, express your unique personality | High Resolution UV light-ion 3D Embossed Printing for extraordinary quality and clarity. Printed using high end advanced Japanese machines. Your get our quality promise and design excellence","Amazon Brand - Solimo Product - High Quality Snug fit for Xiaomi Redmi Y2, with perfect cutouts for volume buttons, audio and charging ports",Features premium craftsmanship. Amazon Brand - Solimo original design. Ideal for home and office.,none,4.9,1,4.8,"Ground Truth: Accurate, compliant, high customer clarity."
LST-0008,AmazonBasics,Product,AmazonBasics Serene 16-Piece Old Fashioned and Coolers Glass Drinkware Set,"Lead-free glass: made of crystal-clear, lead-free glass for stunning clarity; keeps its shine through many washings; beautifully showcases beverages and adds a touch of glamour to any gathering | Versatile: suitable for special occasions and everyday use; ideal for serving liquor, mixed drinks, and non-alcoholic beverages, like freshly squeezed lemonade, iced tea, juice, water, soda, and more | Chic style and easy care: heavy sham for extra stability; squared base transitions into a circular rim for eye-catching aesthetics; dishwasher-safe for convenient cleaning","AmazonBasics Product - High Quality Lead-free glass: made of crystal-clear, lead-free glass for stunning clarity; keeps its shine through many washings; beautifully showcases beverages and adds a touch of glamour to any gathering",Features premium craftsmanship. AmazonBasics original design. Ideal for home and office.,none,4.9,1,4.8,"Ground Truth: Accurate, compliant, high customer clarity."
LST-0009,Amazon Brand - Solimo,Product,Amazon Brand - Solimo Designer Butterflies Neon Light 3D Printed Hard Back Case Mobile Cover for Vivo Y81i,"Snug fit for Vivo Y81i, with perfect cut-outs for volume buttons, audio and charging ports | Compatible with Vivo Y81i | Easy to put & take off with perfect cutouts for volume buttons, audio & charging ports.","Amazon Brand - Solimo Product - High Quality Snug fit for Vivo Y81i, with perfect cut-outs for volume buttons, audio and charging ports",Features premium craftsmanship. Amazon Brand - Solimo original design. Ideal for home and office.,none,4.9,1,4.8,"Ground Truth: Accurate, compliant, high customer clarity."
LST-0010,UMI,Product,UMI by Amazon 6 PCS Stretch Dining Chair Covers Melange Velvet Removable Chair Protector Elastic Slipcovers Turquoise,"Product Detail: Package include 6 pieces of chair.The Umi high elastic couch covers for chair is flexible, soft, and slip resistant for long-term comfort. Craft from 97% Polyster, 3% Spandex. | With the unique shiny suede umi velvet chair will make your normal and old chairs brand new. Ideal for chairs that measure between 16""to 23"" back high and 15"" to 18"" back width. Seat length and width from 16"" to 22"" and seat high of 1"" to 4"" | Our dining room chair Slipcovers could help protect your furniture from daily tear, spills, stains and so on. We are confident in the quality of our products.",UMI Product crafted from 100% Pure Siberian Cashmere & Solid Gold,Luxury grade materials imported directly from outer space. Fits all standard sizes.,hallucination,1.5,1,2.0,Ground Truth: Severe hallucination of non-existent materials/specs.
LST-0011,find.,Product,"Richter Kinderschuhe Bios, Mules Mixte Enfant Beige (Taupe Taupe) 42 EU",,WORLD'S BEST #1 GUARANTEED find. Product AMAZING CHEAP SALE!!!,Unbeatable top seller! Cures fatigue and makes you 100% smarter instantly!,policy_violation,3.0,0,1.3,Ground Truth: Prohibited superlatives and false claims violation.
LST-0012,Amazon Brand - Solimo,Product,Amazon Brand - Solimo Designer Autumn Girl UV Printed Soft Back Case Mobile Cover for Karbonn Aura Power 4G Plus,"Snug fit for Karbonn Aura Power 4G Plus, with perfect cut-outs for volume buttons, audio and charging ports | Compatible with Karbonn Aura Power 4G Plus | Easy to put & take off with perfect cutouts for volume buttons, audio & charging ports.",Amazon Brand - Solimo Product Amazon Brand - Solimo Product Amazon Brand - Solimo Product Amazon Brand - Solimo Product Amazon Brand - Solimo Product Amazon Brand - Solimo Product Amazon Brand - Solimo Product Amazon Brand - Solimo Product Amazon Brand - Solimo Product Amazon Brand - Solimo Product Amazon Brand - Solimo Product Amazon Brand - Solimo Product EXTRA LONG TITLE FOR KEYWORD STUFFING BEST BUY NOW DISCOUNT SALE CHEAP HARDWARE,Excessive text stuffed with terms for ranking manipulation.,length_violation,3.5,0,2.2,Ground Truth: Excessive title length (>200 chars) & keyword stuffing.
LST-0013,Amazon Brand - Solimo,Product,Amazon Brand - Solimo Designer Water Drop On Glass UV Printed Soft Back Case Mobile Cover for Samsung Galaxy A70s,"Snug fit for Samsung Galaxy A70s, with perfect cut-outs for volume buttons, audio and charging ports | Compatible with Samsung Galaxy A70s | Easy to put & take off with perfect cutouts for volume buttons, audio & charging ports.","Amazon Brand - Solimo Product - High Quality Snug fit for Samsung Galaxy A70s, with perfect cut-outs for volume buttons, audio and charging ports",Features premium craftsmanship. Amazon Brand - Solimo original design. Ideal for home and office.,none,4.9,1,4.8,"Ground Truth: Accurate, compliant, high customer clarity."
LST-0014,Amazon Brand - Solimo,Product,Amazon Brand - Solimo Designer Cactus 3D Printed Hard Back Case Mobile Cover for Motorola Moto G4 Plus,"3D Printed Hard Back Case Mobile Cover for Motorola Moto G4 Plus | Easy to put & take off with perfect cutouts for volume buttons, audio & charging ports. | Stylish design and appearance, express your unique personality.",Amazon Brand - Solimo Product - High Quality 3D Printed Hard Back Case Mobile Cover for Motorola Moto G4 Plus,Features premium craftsmanship. Amazon Brand - Solimo original design. Ideal for home and office.,none,4.9,1,4.8,"Ground Truth: Accurate, compliant, high customer clarity."
LST-0015,Amazon Brand - Solimo,Product,Amazon Brand - Solimo Designer Kitty Printed Hard Back Case Mobile Cover for Samsung Galaxy M10 (D1211),"Snug fit for Samsung Galaxy M10, with perfect cutouts for volume buttons, audio & charging ports | Stylish design and appearance, express your unique personality | High Resolution UV light-ion 3D Embossed Printing for extraordinary quality and clarity. Printed using high end advanced Japanese machines. Your get our quality promise and design excellence","Amazon Brand - Solimo Product - High Quality Snug fit for Samsung Galaxy M10, with perfect cutouts for volume buttons, audio & charging ports",Features premium craftsmanship. Amazon Brand - Solimo original design. Ideal for home and office.,none,4.9,1,4.8,"Ground Truth: Accurate, compliant, high customer clarity."
LST-0016,Amazon Brand - Solimo,Product,Amazon Brand - Solimo Designer Colored Paris 3D Printed Hard Back Case Mobile Cover for Samsung Galaxy M40,"Snug fit for Samsung Galaxy M40, with perfect cut-outs for volume buttons, audio and charging ports | Compatible with Samsung Galaxy M40 | Easy to put & take off with perfect cutouts for volume buttons, audio & charging ports.",Amazon Brand - Solimo Product crafted from 100% Pure Siberian Cashmere & Solid Gold,Luxury grade materials imported directly from outer space. Fits all standard sizes.,hallucination,1.5,1,2.0,Ground Truth: Severe hallucination of non-existent materials/specs.
LST-0017,Amazon Brand - Solimo,Product,Amazon Brand - Solimo Designer Desert Plant 3D Printed Hard Back Case Mobile Cover for Huawei Honor 5c,"3D Printed Hard Back Case Mobile Cover for Huawei Honor 5c | Easy to put & take off with perfect cutouts for volume buttons, audio & charging ports. | Stylish design and appearance, express your unique personality.",WORLD'S BEST #1 GUARANTEED Amazon Brand - Solimo Product AMAZING CHEAP SALE!!!,Unbeatable top seller! Cures fatigue and makes you 100% smarter instantly!,policy_violation,3.0,0,1.3,Ground Truth: Prohibited superlatives and false claims violation.
LST-0018,Amazon Brand - Solimo,Product,Amazon Brand - Solimo Designer Photography UV Printed Soft Back Case Mobile Cover for Mi Redmi Y3,"Snug fit for Mi Redmi Y3, with perfect cut-outs for volume buttons, audio and charging ports | Compatible with Mi Redmi Y3 | Easy to put & take off with perfect cutouts for volume buttons, audio & charging ports.",Amazon Brand - Solimo Product Amazon Brand - Solimo Product Amazon Brand - Solimo Product Amazon Brand - Solimo Product Amazon Brand - Solimo Product Amazon Brand - Solimo Product Amazon Brand - Solimo Product Amazon Brand - Solimo Product Amazon Brand - Solimo Product Amazon Brand - Solimo Product Amazon Brand - Solimo Product Amazon Brand - Solimo Product EXTRA LONG TITLE FOR KEYWORD STUFFING BEST BUY NOW DISCOUNT SALE CHEAP HARDWARE,Excessive text stuffed with terms for ranking manipulation.,length_violation,3.5,0,2.2,Ground Truth: Excessive title length (>200 chars) & keyword stuffing.
LST-0019,Amazon Collection(アマゾンコレクション),Product,[Amazon Collection] Amazon Collection 铂金镀白银 透明公主切割 立体 氧化锆 耳钉 双耳钉 JEE00087_120CL00QD00,素材:スターリングシルバー(プラチナメッキ加工) | 宝石:キュービックジルコニア | 機会:可愛さとエレガントさを兼ね備えたデザインはカジュアルな場面からフォーマルな場面まで幅広いシチュエーションで身に着けていただくことができます。また、上品な輝きは様々なコーディネートと調和しワンポイントアクセントとなります。大切な方への贈り物にも最適です。,Amazon Collection(アマゾンコレクション) Product - High Quality 素材:スターリングシルバー(プラチナメッキ加工),Features premium craftsmanship. Amazon Collection(アマゾンコレクション) original design. Ideal for home and office.,none,4.9,1,4.8,"Ground Truth: Accurate, compliant, high customer clarity."
LST-0020,Amazon Brand - Solimo,Product,Amazon Brand - Solimo Designer Floral Printed Hard Back Case Mobile Cover for Xiaomi Redmi Note 5 (D386),"Snug fit for Xiaomi Redmi Note 5, with perfect cutouts for volume buttons, audio & charging ports | Stylish design and appearance, express your unique personality | High Resolution UV light-ion 3D Embossed Printing for extraordinary quality and clarity. Printed using high end advanced Japanese machines. Your get our quality promise and design excellence","Amazon Brand - Solimo Product - High Quality Snug fit for Xiaomi Redmi Note 5, with perfect cutouts for volume buttons, audio & charging ports",Features premium craftsmanship. Amazon Brand - Solimo original design. Ideal for home and office.,none,4.9,1,4.8,"Ground Truth: Accurate, compliant, high customer clarity."
LST-0021,Amazon Brand - Solimo,Product,Amazon Brand - Solimo Designer Horizontal Arrow Texture 3D Printed Hard Back Case Mobile Cover for Motorola Moto E 2nd Generation,"3D Printed Hard Back Case Mobile Cover for Motorola Moto E 2nd Generation | Easy to put & take off with perfect cutouts for volume buttons, audio & charging ports. | Stylish design and appearance, express your unique personality.",Amazon Brand - Solimo Product - High Quality 3D Printed Hard Back Case Mobile Cover for Motorola Moto E 2nd Generation,Features premium craftsmanship. Amazon Brand - Solimo original design. Ideal for home and office.,none,4.9,1,4.8,"Ground Truth: Accurate, compliant, high customer clarity."
LST-0022,AmazonBasics,Product,AmazonBasics Türhebel Dezember Eingang poliertes Messing,,AmazonBasics Product crafted from 100% Pure Siberian Cashmere & Solid Gold,Luxury grade materials imported directly from outer space. Fits all standard sizes.,hallucination,1.5,1,2.0,Ground Truth: Severe hallucination of non-existent materials/specs.
LST-0023,Rivet,Product,亚利桑那沙地平线照片带木架,,WORLD'S BEST #1 GUARANTEED Rivet Product AMAZING CHEAP SALE!!!,Unbeatable top seller! Cures fatigue and makes you 100% smarter instantly!,policy_violation,3.0,0,1.3,Ground Truth: Prohibited superlatives and false claims violation.
LST-0024,Amazon Brand - Solimo,Product,Amazon Brand - Solimo Designer Foil Paper Texture 3D Printed Hard Back Case Mobile Cover for Vivo Y51L,"3D Printed Hard Back Case Mobile Cover for Vivo Y51L | Easy to put & take off with perfect cutouts for volume buttons, audio & charging ports. | Stylish design and appearance, express your unique personality.",Amazon Brand - Solimo Product Amazon Brand - Solimo Product Amazon Brand - Solimo Product Amazon Brand - Solimo Product Amazon Brand - Solimo Product Amazon Brand - Solimo Product Amazon Brand - Solimo Product Amazon Brand - Solimo Product Amazon Brand - Solimo Product Amazon Brand - Solimo Product Amazon Brand - Solimo Product Amazon Brand - Solimo Product EXTRA LONG TITLE FOR KEYWORD STUFFING BEST BUY NOW DISCOUNT SALE CHEAP HARDWARE,Excessive text stuffed with terms for ranking manipulation.,length_violation,3.5,0,2.2,Ground Truth: Excessive title length (>200 chars) & keyword stuffing.
LST-0025,Amazon Brand - Solimo,Product,Amazon Brand - Solimo Designer Candle Light 3D Printed Hard Back Case Mobile Cover for Oppo F5,"3D Printed Hard Back Case Mobile Cover for Oppo F5 | Easy to put & take off with perfect cutouts for volume buttons, audio & charging ports. | Stylish design and appearance, express your unique personality.",Amazon Brand - Solimo Product - High Quality 3D Printed Hard Back Case Mobile Cover for Oppo F5,Features premium craftsmanship. Amazon Brand - Solimo original design. Ideal for home and office.,none,4.9,1,4.8,"Ground Truth: Accurate, compliant, high customer clarity."
LST-0026,Amazon Brand - Solimo,Product,Amazon Brand - Solimo Designer Steam Train 3D Printed Hard Back Case Mobile Cover for Samsung Galaxy M21,"Snug fit for Samsung Galaxy M21, with perfect cut-outs for volume buttons, audio and charging ports | Compatible with Samsung Galaxy M21 | Easy to put & take off with perfect cutouts for volume buttons, audio & charging ports.","Amazon Brand - Solimo Product - High Quality Snug fit for Samsung Galaxy M21, with perfect cut-outs for volume buttons, audio and charging ports",Features premium craftsmanship. Amazon Brand - Solimo original design. Ideal for home and office.,none,4.9,1,4.8,"Ground Truth: Accurate, compliant, high customer clarity."
LST-0027,Amazon Brand - Solimo,Product,Amazon Brand - Solimo Designer Love Print On Cloth Pattern 3D Printed Hard Back Case Mobile Cover for Nokia 7.1,"3D Printed Hard Back Case Mobile Cover for Nokia 7.1 | Easy to put & take off with perfect cutouts for volume buttons, audio & charging ports. | Stylish design and appearance, express your unique personality.",Amazon Brand - Solimo Product - High Quality 3D Printed Hard Back Case Mobile Cover for Nokia 7.1,Features premium craftsmanship. Amazon Brand - Solimo original design. Ideal for home and office.,none,4.9,1,4.8,"Ground Truth: Accurate, compliant, high customer clarity."
LST-0028,Amazon Brand - Solimo,Product,Amazon Brand - Solimo Designer Dark Flowers Photography 3D Printed Hard Back Case Mobile Cover for Xiaomi Redmi 1S,"3D Printed Hard Back Case Mobile Cover for Xiaomi Redmi 1S | Easy to put & take off with perfect cutouts for volume buttons, audio & charging ports. | Stylish design and appearance, express your unique personality.",Amazon Brand - Solimo Product crafted from 100% Pure Siberian Cashmere & Solid Gold,Luxury grade materials imported directly from outer space. Fits all standard sizes.,hallucination,1.5,1,2.0,Ground Truth: Severe hallucination of non-existent materials/specs.
LST-0029,Amazon Brand - Solimo,Product,Amazon Brand - Solimo Designer Black Pattern Alphabet-C 3D Printed Hard Back Case Mobile Cover for Xiaomi Redmi 8A,"Snug fit for Mobile, with perfect cut-outs for volume buttons, audio and charging ports | Compatible with Xiaomi Redmi 8A | Easy to put & take off with perfect cutouts for volume buttons, audio & charging ports.",WORLD'S BEST #1 GUARANTEED Amazon Brand - Solimo Product AMAZING CHEAP SALE!!!,Unbeatable top seller! Cures fatigue and makes you 100% smarter instantly!,policy_violation,3.0,0,1.3,Ground Truth: Prohibited superlatives and false claims violation.
LST-0030,Amazon Brand - Solimo,Product,Amazon Brand - Solimo Designer Orange Canvas 3D Printed Hard Back Case Mobile Cover for Nokia 6.1 Plus,"3D Printed Hard Back Case Mobile Cover for Nokia 6.1 Plus | Easy to put & take off with perfect cutouts for volume buttons, audio & charging ports. | Stylish design and appearance, express your unique personality.",Amazon Brand - Solimo Product Amazon Brand - Solimo Product Amazon Brand - Solimo Product Amazon Brand - Solimo Product Amazon Brand - Solimo Product Amazon Brand - Solimo Product Amazon Brand - Solimo Product Amazon Brand - Solimo Product Amazon Brand - Solimo Product Amazon Brand - Solimo Product Amazon Brand - Solimo Product Amazon Brand - Solimo Product EXTRA LONG TITLE FOR KEYWORD STUFFING BEST BUY NOW DISCOUNT SALE CHEAP HARDWARE,Excessive text stuffed with terms for ranking manipulation.,length_violation,3.5,0,2.2,Ground Truth: Excessive title length (>200 chars) & keyword stuffing.
LST-0031,AmazonBasics,Product,AmazonBasics – hoogwaardig microvezel-laken,,AmazonBasics Product - High Quality Utility,Features premium craftsmanship. AmazonBasics original design. Ideal for home and office.,none,4.9,1,4.8,"Ground Truth: Accurate, compliant, high customer clarity."
LST-0032,Amazon Brand - Solimo,Product,Amazon Brand - Solimo Designer Never be Alone Printed Hard Back Case Mobile Cover for Apple iPhone XR (D1256),"Snug fit for Apple iPhone XR, with perfect cutouts for volume buttons, audio and charging ports | Stylish design and appearance, express your unique personality | High Resolution UV light-ion 3D Embossed Printing for extraordinary quality and clarity. Printed using high end advanced Japanese machines. Your get our quality promise and design excellence","Amazon Brand - Solimo Product - High Quality Snug fit for Apple iPhone XR, with perfect cutouts for volume buttons, audio and charging ports",Features premium craftsmanship. Amazon Brand - Solimo original design. Ideal for home and office.,none,4.9,1,4.8,"Ground Truth: Accurate, compliant, high customer clarity."
LST-0033,WaterAce,Product,"WaterAce WA50SAS Bomba de sumidero, 1/2 HP, negro",Construcción de hierro fundido resistente con volumen termoplástico. | Protección del motor de sobrecarga térmica incorporada. | Interruptor vertical; funciona en lavabos de 11 pulgadas de diámetro.,WaterAce Product - High Quality Construcción de hierro fundido resistente con volumen termoplástico.,Features premium craftsmanship. WaterAce original design. Ideal for home and office.,none,4.9,1,4.8,"Ground Truth: Accurate, compliant, high customer clarity."
LST-0034,WellWear,Product,"WellWear Copper Back Brace, One Size",Copper-infused plush cloth interior provides antibacterial properties and heat retention to support the body's natural healing process | Contoured design for optimal fit | Fits discreetly under most clothing,WellWear Product crafted from 100% Pure Siberian Cashmere & Solid Gold,Luxury grade materials imported directly from outer space. Fits all standard sizes.,hallucination,1.5,1,2.0,Ground Truth: Severe hallucination of non-existent materials/specs.
LST-0035,find.,Product,"Amazon-merk - vinden. Archer, Heren Trainers,Kleur: wit,12 UK",Geborsteld canvas | Duurzaam binnenwerk | Geweven loopzool,WORLD'S BEST #1 GUARANTEED find. Product AMAZING CHEAP SALE!!!,Unbeatable top seller! Cures fatigue and makes you 100% smarter instantly!,policy_violation,3.0,0,1.3,Ground Truth: Prohibited superlatives and false claims violation.
LST-0036,Stanton,Product,Stanton Men's Brown Loafers-8 UK (42 EU) (9 US) (FK/YT1893/BRW),आउटर मटीरियल: PU | क्लोज़र टाइप: स्लिप ऑन | टो स्टाइल: राउंड टो,Stanton Product Stanton Product Stanton Product Stanton Product Stanton Product Stanton Product Stanton Product Stanton Product Stanton Product Stanton Product Stanton Product Stanton Product EXTRA LONG TITLE FOR KEYWORD STUFFING BEST BUY NOW DISCOUNT SALE CHEAP HARDWARE,Excessive text stuffed with terms for ranking manipulation.,length_violation,3.5,0,2.2,Ground Truth: Excessive title length (>200 chars) & keyword stuffing.
LST-0037,Amazon Brand - Solimo,Product,Amazon Brand - Solimo Designer Lion UV Printed Soft Back Case Mobile Cover for Huawei Honor 7A,"Snug fit for Huawei Honor 7A, with perfect cut-outs for volume buttons, audio and charging ports | Compatible with Huawei Honor 7A | Easy to put & take off with perfect cutouts for volume buttons, audio & charging ports.","Amazon Brand - Solimo Product - High Quality Snug fit for Huawei Honor 7A, with perfect cut-outs for volume buttons, audio and charging ports",Features premium craftsmanship. Amazon Brand - Solimo original design. Ideal for home and office.,none,4.9,1,4.8,"Ground Truth: Accurate, compliant, high customer clarity."
LST-0038,UMI,Product,"UMI Merryfeel Microfiber Duvet Cover Set,Lightweight and Soft Bedding Set (8 Sizes,12 Colours)(200x200+2x80x80cm,Pink)","Incluye: 1 funda de edredón de 135 x 200 cm y 1 funda de almohada de 80 x 80 cm (135 x 200 cm + 1 x 80 x 80 cm). | El tejido de poliéster ligero proporciona una suavidad excepcional, nuestro juego de edredón Umi cuenta con costuras de alta calidad para limpiar, elegante y clásico. | Funda nórdica con cierre de cremallera YKK y 4 lazos en las esquinas para mantener el edredón en su lugar, funda de almohada con apertura de sobre.",UMI Product - High Quality Incluye: 1 funda de edredón de 135 x 200 cm y 1 funda de almohada de 80 x 80 cm (135 x 200 cm + 1 x 80 x 80 cm).,Features premium craftsmanship. UMI original design. Ideal for home and office.,none,4.9,1,4.8,"Ground Truth: Accurate, compliant, high customer clarity."
LST-0039,AmazonBasics,Product,AmazonBasics 亚马逊倍思 可调节扬声器支架,三脚架扬声器支架，便于设置扬声器；非常适合在舞台、工作室或家里使用 | 100 磅最大重量能力；可调节高度（3.8 至 6 英尺），可将声音放在您想要的位置 | 采用耐用的钢管结构，强度可靠；上轴直径为 35 毫米,AmazonBasics Product - High Quality 三脚架扬声器支架，便于设置扬声器；非常适合在舞台、工作室或家里使用,Features premium craftsmanship. AmazonBasics original design. Ideal for home and office.,none,4.9,1,4.8,"Ground Truth: Accurate, compliant, high customer clarity."
LST-0040,The Fix,Product,"THE FIX 女式 foley 流苏一脚蹬凉鞋, 米色, 6.5 B(M) US",menswear-inspired Fransen schmücken das Leder Slide Sandale mit minimalistischen Ferse. | Bright metallic tassels gleam against an earthy suede upper in this luxe slide sandal with minimalist heel. | Slip-on closure,The Fix Product crafted from 100% Pure Siberian Cashmere & Solid Gold,Luxury grade materials imported directly from outer space. Fits all standard sizes.,hallucination,1.5,1,2.0,Ground Truth: Severe hallucination of non-existent materials/specs.
LST-0041,AmazonBasics,Product,"AmazonBasics Eastlake Coolers Glass Drinkware Set, 15-Ounce, Set of 6","Lead-free glass: made of crystal-clear, lead-free glass for stunning clarity; keeps its shine through many washings; beautifully showcases beverages and adds a touch of glamour to any gathering | Versatile: suitable for special occasions and everyday use; ideal for serving both mixed drinks and non-alcoholic beverages, like freshly squeezed lemonade, iced tea, water, soda, juice, and more | Contemporary style: sleek silhouette with gently curved sides and an exaggerated sham for extra stability and eye-catching allure",WORLD'S BEST #1 GUARANTEED AmazonBasics Product AMAZING CHEAP SALE!!!,Unbeatable top seller! Cures fatigue and makes you 100% smarter instantly!,policy_violation,3.0,0,1.3,Ground Truth: Prohibited superlatives and false claims violation.
LST-0042,Amazon Brand - Solimo,Product,Amazon Brand - Solimo Designer Wooden Design 3D Printed Hard Back Case Mobile Cover for Coolpad Note 5,"Snug fit for Mobile, with perfect cut-outs for volume buttons, audio and charging ports | Compatible with Coolpad Note 5 | Easy to put & take off with perfect cutouts for volume buttons, audio & charging ports.",Amazon Brand - Solimo Product Amazon Brand - Solimo Product Amazon Brand - Solimo Product Amazon Brand - Solimo Product Amazon Brand - Solimo Product Amazon Brand - Solimo Product Amazon Brand - Solimo Product Amazon Brand - Solimo Product Amazon Brand - Solimo Product Amazon Brand - Solimo Product Amazon Brand - Solimo Product Amazon Brand - Solimo Product EXTRA LONG TITLE FOR KEYWORD STUFFING BEST BUY NOW DISCOUNT SALE CHEAP HARDWARE,Excessive text stuffed with terms for ranking manipulation.,length_violation,3.5,0,2.2,Ground Truth: Excessive title length (>200 chars) & keyword stuffing.
LST-0043,Amazon Brand - Solimo,Product,Amazon Brand - Solimo Designer Sparkle Girl Boss 3D Printed Hard Back Case Mobile Cover for Vivo Y69,"3D Printed Hard Back Case Mobile Cover for Vivo Y69 | Easy to put & take off with perfect cutouts for volume buttons, audio & charging ports. | Stylish design and appearance, express your unique personality.",Amazon Brand - Solimo Product - High Quality 3D Printed Hard Back Case Mobile Cover for Vivo Y69,Features premium craftsmanship. Amazon Brand - Solimo original design. Ideal for home and office.,none,4.9,1,4.8,"Ground Truth: Accurate, compliant, high customer clarity."
LST-0044,AmazonBasics,Product,Amazonbasics On-Ear Wireless Bluetooth Headphones with Microphone - Champagne,"Wireless headphones with compatible with Bluetooth 5.0 devices | Listen to music, news, or podcasts; take calls with the built-in microphone | Quality speakers with ultra-soft polyurethane and foam earphones; keeps ears comfortably cushioned",AmazonBasics Product - High Quality Wireless headphones with compatible with Bluetooth 5.0 devices,Features premium craftsmanship. AmazonBasics original design. Ideal for home and office.,none,4.9,1,4.8,"Ground Truth: Accurate, compliant, high customer clarity."
LST-0045,Amazon Brand - Solimo,Product,Amazon Brand - Solimo വാക്സ് ടീലൈറ്റ് അൺസീറ്റഡ് മെഴുകുതിരി (50 എണ്ണത്തിന്‍റെ സെറ്റ്),"സുഗന്ധമുള്ള വാക്സ് ടീലൈറ്റ് മെഴുകുതിരികളുടെ 50 സെറ്റ് | ഒരു ശരാശരി ഈ മെഴുകുതിരികൾ 2 മണിക്കൂർ വരെയും 45 മിനിറ്റ് വരെയും കത്തുന്നു | ഈ മെഴുകുതിരികൾ പുകവലിക്കാത്തതും, ഗന്ധമില്ലാത്തതുമാണ്, മാത്രമല്ല പാടുകളും അവശിഷ്ടങ്ങളും അവശേഷിപ്പിക്കുന്നില്ല",Amazon Brand - Solimo Product - High Quality സുഗന്ധമുള്ള വാക്സ് ടീലൈറ്റ് മെഴുകുതിരികളുടെ 50 സെറ്റ്,Features premium craftsmanship. Amazon Brand - Solimo original design. Ideal for home and office.,none,4.9,1,4.8,"Ground Truth: Accurate, compliant, high customer clarity."
LST-0046,Nia & Nicole,Product,Nia & Nicole Women's Clutch (Navy Blue:: Mustard),अन्य मटीरियल नेवी ब्लू:: मस्टर्ड (सरसों) रंग का क्लच | 11 सेंटीमीटर ऊंचाई x 21.5 सेंटीमीटर लंबाई x 3 सेंटीमीटर चौड़ाई | स्नैप क्लोज़र,Nia & Nicole Product crafted from 100% Pure Siberian Cashmere & Solid Gold,Luxury grade materials imported directly from outer space. Fits all standard sizes.,hallucination,1.5,1,2.0,Ground Truth: Severe hallucination of non-existent materials/specs.
LST-0047,Amazon Collection(アマゾンコレクション),Product,[アマゾンコレクション] Amazon Collection 14Kイエローゴールド 2.5mmラウンド 五石爪ファンシーグリーンのスワロフスキージルコニア 半 フープ スタッド ピアス 両耳用スタッドピアス JEE13625_5NNFG00A100,キュービックジルコニア(CZ),WORLD'S BEST #1 GUARANTEED Amazon Collection(アマゾンコレクション) Product AMAZING CHEAP SALE!!!,Unbeatable top seller! Cures fatigue and makes you 100% smarter instantly!,policy_violation,3.0,0,1.3,Ground Truth: Prohibited superlatives and false claims violation.
LST-0048,Amazon Brand - Solimo,Product,Amazon Brand - Solimo Designer Take It Easy 3D Printed Hard Back Case Mobile Cover for HTC One M8,"3D Printed Hard Back Case Mobile Cover for HTC One M8 | Easy to put & take off with perfect cutouts for volume buttons, audio & charging ports. | Stylish design and appearance, express your unique personality.",Amazon Brand - Solimo Product Amazon Brand - Solimo Product Amazon Brand - Solimo Product Amazon Brand - Solimo Product Amazon Brand - Solimo Product Amazon Brand - Solimo Product Amazon Brand - Solimo Product Amazon Brand - Solimo Product Amazon Brand - Solimo Product Amazon Brand - Solimo Product Amazon Brand - Solimo Product Amazon Brand - Solimo Product EXTRA LONG TITLE FOR KEYWORD STUFFING BEST BUY NOW DISCOUNT SALE CHEAP HARDWARE,Excessive text stuffed with terms for ranking manipulation.,length_violation,3.5,0,2.2,Ground Truth: Excessive title length (>200 chars) & keyword stuffing.
LST-0049,Amazon Brand - Solimo,Product,Amazon Brand - Solimo Designer Water Drop On Glass 3D Printed Hard Back Case Mobile Cover for Samsung Z2,"3D Printed Hard Back Case Mobile Cover for Samsung Z2 | Easy to put & take off with perfect cutouts for volume buttons, audio & charging ports. | Stylish design and appearance, express your unique personality.",Amazon Brand - Solimo Product - High Quality 3D Printed Hard Back Case Mobile Cover for Samsung Z2,Features premium craftsmanship. Amazon Brand - Solimo original design. Ideal for home and office.,none,4.9,1,4.8,"Ground Truth: Accurate, compliant, high customer clarity."
LST-0050,find.,Product,"find. Women's Felix-1w1-112 Brogue, Blue Navy, 7",,find. Product - High Quality Utility,Features premium craftsmanship. find. original design. Ideal for home and office.,none,4.9,1,4.8,"Ground Truth: Accurate, compliant, high customer clarity."
LST-0051,206 Collective,Product,"Amazon Brand - 206 Collective Men's Pike Driving Slip-on Loafer, Black, 9.5 D US",Moccasin-style loafer featuring suede upper and wraparound lacing with metallic eyelets | Removable comfort insole,206 Collective Product - High Quality Moccasin-style loafer featuring suede upper and wraparound lacing with metallic eyelets,Features premium craftsmanship. 206 Collective original design. Ideal for home and office.,none,4.9,1,4.8,"Ground Truth: Accurate, compliant, high customer clarity."
LST-0052,Eono,Product,"Eono 3 en 1 Carcasa Protectora Compatible con MacBook Pro 13 Pulgadas USB-C (A2159/A1989/A1706/A1708,2019/2018/2017/2016) de Plástico Duro&Cubierta de Teclado&Protector de Pantalla,Ondulación Colorida","Diseñado SOLO para ser compatible con MacBook Pro 13 pulgadas USB-C (A2159/A1989/A1706 con Touch Bar & A1708 sin Touch Bar, versión 2019 - MV962LL/A, MV992LL/A, MV972LL/A, MV9A2LL/A; 2018 - MR9Q2LL/A, MR9R2LL/A; 2017 - MPXV2LL/A, MPXX2LL/A, MPXW2LL/A, MPXY2LL/A, MPXQ2LL/A, MPXW2LLL/A, MPXT2LL/A, MPXU2LL/A; 2016 - MLL42LL/A, MLUQ2LL/A, MLH12LL/A, MLVP2LL/A, MNQF2LL/A, MNQG2LL/A). | Diseñado con ranuras de ventilación para garantizar una disipación de calor adecuada, evite el sobrecalentamiento durante el uso. Ningún logotipo de Apple recorta el diseño. | Fácil de acceder a todos los puertos y botones, y fácil de instalar y quitar.",Eono Product crafted from 100% Pure Siberian Cashmere & Solid Gold,Luxury grade materials imported directly from outer space. Fits all standard sizes.,hallucination,1.5,1,2.0,Ground Truth: Severe hallucination of non-existent materials/specs.
LST-0053,Amazon Brand - Solimo,Product,Amazon Brand - Solimo Designer Ball Heart 3D Printed Hard Back Case Mobile Cover for Xiaomi Redmi Y1 Lite,"3D Printed Hard Back Case Mobile Cover for Xiaomi Redmi Y1 Lite | Easy to put & take off with perfect cutouts for volume buttons, audio & charging ports. | Stylish design and appearance, express your unique personality.",WORLD'S BEST #1 GUARANTEED Amazon Brand - Solimo Product AMAZING CHEAP SALE!!!,Unbeatable top seller! Cures fatigue and makes you 100% smarter instantly!,policy_violation,3.0,0,1.3,Ground Truth: Prohibited superlatives and false claims violation.
LST-0054,Amazon Brand - Solimo,Product,Amazon Brand - Solimo Designer Iron Impression 3D Printed Hard Back Case Mobile Cover for Lenovo A6600,"3D Printed Hard Back Case Mobile Cover for Lenovo A6600 | Easy to put & take off with perfect cutouts for volume buttons, audio & charging ports. | Stylish design and appearance, express your unique personality.",Amazon Brand - Solimo Product Amazon Brand - Solimo Product Amazon Brand - Solimo Product Amazon Brand - Solimo Product Amazon Brand - Solimo Product Amazon Brand - Solimo Product Amazon Brand - Solimo Product Amazon Brand - Solimo Product Amazon Brand - Solimo Product Amazon Brand - Solimo Product Amazon Brand - Solimo Product Amazon Brand - Solimo Product EXTRA LONG TITLE FOR KEYWORD STUFFING BEST BUY NOW DISCOUNT SALE CHEAP HARDWARE,Excessive text stuffed with terms for ranking manipulation.,length_violation,3.5,0,2.2,Ground Truth: Excessive title length (>200 chars) & keyword stuffing.
LST-0055,Amazon Brand - Symbol,Product,Amazon Brand - Symbol Men's Tan PU Formal Shoes - 9 UK (AZ-SY-437),Outer Material: Pu | Product Type: Men's Formal Shoes | Shoe Width: Regular,Amazon Brand - Symbol Product - High Quality Outer Material: Pu,Features premium craftsmanship. Amazon Brand - Symbol original design. Ideal for home and office.,none,4.9,1,4.8,"Ground Truth: Accurate, compliant, high customer clarity."
LST-0056,365 Everyday Value,Product,"365 EVERYDAY VALUE Organic Light Cream, 1 PT","Brought to you by Whole Foods Market.  The packaging for this product has a fresh new look. During this transition, you may get the original packaging or the new packaging in your order, but the product and quality is staying exactly the same. Enjoy! | Ultra-Pasteurized. | Just Milk & Cream with No Added Gums.","365 Everyday Value Product - High Quality Brought to you by Whole Foods Market.  The packaging for this product has a fresh new look. During this transition, you may get the original packaging or the new packaging in your order, but the product and quality is staying exactly the same. Enjoy!",Features premium craftsmanship. 365 Everyday Value original design. Ideal for home and office.,none,4.9,1,4.8,"Ground Truth: Accurate, compliant, high customer clarity."
LST-0057,Amazon Brand - Solimo,Product,Amazon Brand - Solimo Designer Wax Color 3D Printed Hard Back Case Mobile Cover for Asus Zenfone Max Pro M1 ZB601KL,"3D Printed Hard Back Case Mobile Cover for Asus Zenfone Max Pro M1 ZB601KL | Easy to put & take off with perfect cutouts for volume buttons, audio & charging ports. | Stylish design and appearance, express your unique personality.",Amazon Brand - Solimo Product - High Quality 3D Printed Hard Back Case Mobile Cover for Asus Zenfone Max Pro M1 ZB601KL,Features premium craftsmanship. Amazon Brand - Solimo original design. Ideal for home and office.,none,4.9,1,4.8,"Ground Truth: Accurate, compliant, high customer clarity."
LST-0058,Amazon Brand - Solimo,Product,Amazon Brand - Solimo Designer Button Jeans Alphabet-X 3D Printed Hard Back Case Mobile Cover for Xiaomi Redmi 8A,"Snug fit for Mobile, with perfect cut-outs for volume buttons, audio and charging ports | Compatible with Xiaomi Redmi 8A | Easy to put & take off with perfect cutouts for volume buttons, audio & charging ports.",Amazon Brand - Solimo Product crafted from 100% Pure Siberian Cashmere & Solid Gold,Luxury grade materials imported directly from outer space. Fits all standard sizes.,hallucination,1.5,1,2.0,Ground Truth: Severe hallucination of non-existent materials/specs.
LST-0059,Amazon Essentials,Product,"Amazon Essentials Women's Manny, Brown Tan, 38.5 EU",Classic and versatile design for everyday use and an excellent fit | Refined loafer silhouette with hem and vamp detail; Soft faux leather upper with a non-abrasive edge | Genuine leather lining with 'Heel Cushion' comfort technology; suede lining for added comfort and breathability,WORLD'S BEST #1 GUARANTEED Amazon Essentials Product AMAZING CHEAP SALE!!!,Unbeatable top seller! Cures fatigue and makes you 100% smarter instantly!,policy_violation,3.0,0,1.3,Ground Truth: Prohibited superlatives and false claims violation.
LST-0060,Amazon Brand - Solimo,Product,Amazon Brand - Solimo Designer Patternn 3D Printed Hard Back Case Mobile Cover for LG Stylus 3,"3D Printed Hard Back Case Mobile Cover for LG Stylus 3 | Easy to put & take off with perfect cutouts for volume buttons, audio & charging ports. | Stylish design and appearance, express your unique personality.",Amazon Brand - Solimo Product Amazon Brand - Solimo Product Amazon Brand - Solimo Product Amazon Brand - Solimo Product Amazon Brand - Solimo Product Amazon Brand - Solimo Product Amazon Brand - Solimo Product Amazon Brand - Solimo Product Amazon Brand - Solimo Product Amazon Brand - Solimo Product Amazon Brand - Solimo Product Amazon Brand - Solimo Product EXTRA LONG TITLE FOR KEYWORD STUFFING BEST BUY NOW DISCOUNT SALE CHEAP HARDWARE,Excessive text stuffed with terms for ranking manipulation.,length_violation,3.5,0,2.2,Ground Truth: Excessive title length (>200 chars) & keyword stuffing.
LST-0061,365 Everyday Value,Product,"365 EVERYDAY VALUE Chai Spice Cashews, 10 OZ",Brought to you by Whole Foods Market | Limited seasonal collection | Non GMO Verified,365 Everyday Value Product - High Quality Brought to you by Whole Foods Market,Features premium craftsmanship. 365 Everyday Value original design. Ideal for home and office.,none,4.9,1,4.8,"Ground Truth: Accurate, compliant, high customer clarity."
LST-0062,Amazon Brand - Solimo,Product,Amazon Brand - Solimo Designer Multicolor Cute Love Red Pattern Design Printed Soft Back Case Mobile Cover for Samsung Galaxy Note 10 Lite,"Snug fit for Mobile, with perfect cut-outs for volume buttons, audio and charging ports | Compatible with Samsung Galaxy Note 10 Lite | Easy to put & take off with perfect cutouts for volume buttons, audio & charging ports","Amazon Brand - Solimo Product - High Quality Snug fit for Mobile, with perfect cut-outs for volume buttons, audio and charging ports",Features premium craftsmanship. Amazon Brand - Solimo original design. Ideal for home and office.,none,4.9,1,4.8,"Ground Truth: Accurate, compliant, high customer clarity."
LST-0063,Amazon Brand - Solimo,Product,Amazon Brand - Solimo Designer Color Mash 3D Printed Hard Back Case Mobile Cover for Sony Xperia C5 Ultra Dual,"3D Printed Hard Back Case Mobile Cover for Sony Xperia C5 Ultra Dual | Easy to put & take off with perfect cutouts for volume buttons, audio & charging ports. | Stylish design and appearance, express your unique personality.",Amazon Brand - Solimo Product - High Quality 3D Printed Hard Back Case Mobile Cover for Sony Xperia C5 Ultra Dual,Features premium craftsmanship. Amazon Brand - Solimo original design. Ideal for home and office.,none,4.9,1,4.8,"Ground Truth: Accurate, compliant, high customer clarity."
LST-0064,Rivet,Product,Samtida turkos och solbränna öken scen på kanvas väggkonst,,Rivet Product crafted from 100% Pure Siberian Cashmere & Solid Gold,Luxury grade materials imported directly from outer space. Fits all standard sizes.,hallucination,1.5,1,2.0,Ground Truth: Severe hallucination of non-existent materials/specs.
LST-0065,Cornat,Product,Timbus diskbänk-ettgreppsarmatur Niederdruck,,WORLD'S BEST #1 GUARANTEED Cornat Product AMAZING CHEAP SALE!!!,Unbeatable top seller! Cures fatigue and makes you 100% smarter instantly!,policy_violation,3.0,0,1.3,Ground Truth: Prohibited superlatives and false claims violation.
LST-0066,Amazon Brand - Solimo,Product,Amazon Brand - Solimo Designer Sleepy Kitten UV Printed Soft Back Case Mobile Cover for 10.or G,"Snug fit for 10.or G, with perfect cut-outs for volume buttons, audio and charging ports | Compatible with 10.or G | Easy to put & take off with perfect cutouts for volume buttons, audio & charging ports.",Amazon Brand - Solimo Product Amazon Brand - Solimo Product Amazon Brand - Solimo Product Amazon Brand - Solimo Product Amazon Brand - Solimo Product Amazon Brand - Solimo Product Amazon Brand - Solimo Product Amazon Brand - Solimo Product Amazon Brand - Solimo Product Amazon Brand - Solimo Product Amazon Brand - Solimo Product Amazon Brand - Solimo Product EXTRA LONG TITLE FOR KEYWORD STUFFING BEST BUY NOW DISCOUNT SALE CHEAP HARDWARE,Excessive text stuffed with terms for ranking manipulation.,length_violation,3.5,0,2.2,Ground Truth: Excessive title length (>200 chars) & keyword stuffing.
LST-0067,Amazon Brand - Symbol,Product,Amazon Brand - Symbol Men's Leather Formal Slip-on shoes/India (44 EU)(AZ-WS-126B),Outer Material: Leather | Product Type: Men's Formal Shoes | Shoe Width: Medium,Amazon Brand - Symbol Product - High Quality Outer Material: Leather,Features premium craftsmanship. Amazon Brand - Symbol original design. Ideal for home and office.,none,4.9,1,4.8,"Ground Truth: Accurate, compliant, high customer clarity."
LST-0068,AmazonBasics,Product,AmazonBasics Modern Euro Toilet Paper Holder - Satin Nickel,Satin Nickel finish; made from durable zinc alloy | Fixture Width: 7-inches (17.78 cm); Fixture Projection: 3.13 inches (7.95 cm) | 11-Lbs (5kgs) max weight capacity,AmazonBasics Product - High Quality Satin Nickel finish; made from durable zinc alloy,Features premium craftsmanship. AmazonBasics original design. Ideal for home and office.,none,4.9,1,4.8,"Ground Truth: Accurate, compliant, high customer clarity."
LST-0069,Amazon Brand - Solimo,Product,Amazon Brand - Solimo Designer Sea View 3D Printed Hard Back Case Mobile Cover for LeTV Le 1s,"3D Printed Hard Back Case Mobile Cover for LeTV Le 1s | Easy to put & take off with perfect cutouts for volume buttons, audio & charging ports. | Stylish design and appearance, express your unique personality.",Amazon Brand - Solimo Product - High Quality 3D Printed Hard Back Case Mobile Cover for LeTV Le 1s,Features premium craftsmanship. Amazon Brand - Solimo original design. Ideal for home and office.,none,4.9,1,4.8,"Ground Truth: Accurate, compliant, high customer clarity."
LST-0070,Spotted Zebra,Product,Amazon Brand - Spotted Zebra Girl's 3-Piece Fleece Cold Weather Accessories Set,Get ready to play this winter with this 3-piece fleece cold weather set | Including a funky hat and a pair of mittens | Perfect for keeping your kids warm and adventure-ready no matter the weather,Spotted Zebra Product crafted from 100% Pure Siberian Cashmere & Solid Gold,Luxury grade materials imported directly from outer space. Fits all standard sizes.,hallucination,1.5,1,2.0,Ground Truth: Severe hallucination of non-existent materials/specs.
LST-0071,Amazon Brand - Solimo,Product,Amazon Brand - Solimo Designer Panda Experation 3D Printed Hard Back Case Mobile Cover for Lenovo Vibe K5,"3D Printed Hard Back Case Mobile Cover for Lenovo Vibe K5 | Easy to put & take off with perfect cutouts for volume buttons, audio & charging ports. | Stylish design and appearance, express your unique personality.",WORLD'S BEST #1 GUARANTEED Amazon Brand - Solimo Product AMAZING CHEAP SALE!!!,Unbeatable top seller! Cures fatigue and makes you 100% smarter instantly!,policy_violation,3.0,0,1.3,Ground Truth: Prohibited superlatives and false claims violation.
LST-0072,Amazon Brand - Solimo,Product,Amazon Brand - Solimo Designer Abstract 3D Printed Hard Back Case Mobile Cover for Vivo V17 Pro,"Snug fit for Mobile, with perfect cut-outs for volume buttons, audio and charging ports | Compatible with Vivo V17 Pro | Easy to put & take off with perfect cutouts for volume buttons, audio & charging ports.",Amazon Brand - Solimo Product Amazon Brand - Solimo Product Amazon Brand - Solimo Product Amazon Brand - Solimo Product Amazon Brand - Solimo Product Amazon Brand - Solimo Product Amazon Brand - Solimo Product Amazon Brand - Solimo Product Amazon Brand - Solimo Product Amazon Brand - Solimo Product Amazon Brand - Solimo Product Amazon Brand - Solimo Product EXTRA LONG TITLE FOR KEYWORD STUFFING BEST BUY NOW DISCOUNT SALE CHEAP HARDWARE,Excessive text stuffed with terms for ranking manipulation.,length_violation,3.5,0,2.2,Ground Truth: Excessive title length (>200 chars) & keyword stuffing.
LST-0073,Stone & Beam,Product,Stone & Beam Cotton Velvet Unlined Curtain,,Stone & Beam Product - High Quality Utility,Features premium craftsmanship. Stone & Beam original design. Ideal for home and office.,none,4.9,1,4.8,"Ground Truth: Accurate, compliant, high customer clarity."
LST-0074,Amazon Brand - Solimo,Product,Amazon Brand - Solimo Designer Woodcutter 3D Printed Hard Back Case Mobile Cover for Vivo Y51L,"3D Printed Hard Back Case Mobile Cover for Vivo Y51L | Easy to put & take off with perfect cutouts for volume buttons, audio & charging ports. | Stylish design and appearance, express your unique personality.",Amazon Brand - Solimo Product - High Quality 3D Printed Hard Back Case Mobile Cover for Vivo Y51L,Features premium craftsmanship. Amazon Brand - Solimo original design. Ideal for home and office.,none,4.9,1,4.8,"Ground Truth: Accurate, compliant, high customer clarity."
LST-0075,Bourge,Product,Bourge Men's D.Grey and Sea Green Running Shoes-6 UK (40 EU) (7 US) (Reef-65),आउटर मटीरियल: मेश | क्लोज़र टाइप: लेस-अप | टो स्टाइल: राउंड टो,Bourge Product - High Quality आउटर मटीरियल: मेश,Features premium craftsmanship. Bourge original design. Ideal for home and office.,none,4.9,1,4.8,"Ground Truth: Accurate, compliant, high customer clarity."
